id,pais,gestao,n,ini,fim,data_quality,juro_ini,juro_fim,juro_var,infl_ini,infl_fim,infl_var,jr_ini,jr_fim,pib_ini,pib_fim,cam_ini,cam_fim,cam_var,bol_ini,bol_fim,bol_var,cred_ini,cred_fim,cred_var,des_ini,des_fim,regime_juro,regime_inflacao,regime_credito,regime_cambial,fase_ciclo,notas
BR-1974-GEISEL,BR,Geisel,1,1974-03-15,1979-03-15,hiperinflacao,,,,,,,,,8.15393868457201,4.96989768924738,,,,,,,,,,,,?/estável,,,,desaceleração,série hiperinflacao: números nominais não comparáveis | bolsa sem dado (histórico curto/candidato)
BR-1979-FIGUEIREDO,BR,Figueiredo,1,1979-03-15,1985-03-15,hiperinflacao,,,,,228.93,,,,4.96989768924738,5.39999999999988,,4161,,,,,,,,,,?/estável,desancorada,,,expansão,série hiperinflacao: números nominais não comparáveis | bolsa sem dado (histórico curto/candidato)
BR-1985-SARNEY,BR,Sarney,1,1985-03-15,1990-03-15,hiperinflacao,,,,228.93,6390.53,6161.6,,,5.39999999999988,3.16000000000032,4161,38.388,-99.08,,18653,,,,,,,?/estável,desancorada,,BRL apreciou,desaceleração,série hiperinflacao: números nominais não comparáveis
BR-1990-COLLOR,BR,Collor,1,1990-03-15,1992-12-29,hiperinflacao,,,,6390.53,1119.1,-5271.43,,,3.16000000000032,-0.544072051030298,38.388,12106.5,31437.2,18653,66348,255.7,,,,,,?/estável,desancorada,,BRL depreciou,entrando em contração,série hiperinflacao: números nominais não comparáveis
BR-1992-ITAMAR,BR,Itamar,1,1992-12-29,1995-01-01,transicao,,,,1119.1,631.54,-487.56,,,-0.544072051030298,5.8528703643893,12106.5,0.846,-99.99,66348,43248,-34.82,,,,,,?/estável,desancorada,,BRL apreciou,recuperação,série transicao: números nominais não comparáveis
BR-1995-FHC1,BR,FHC,1,1995-01-01,1999-01-01,comparavel,,45,,631.54,1.65,-629.89,,43.35,5.8528703643893,0.338097901952338,0.846,1.2087,42.87,43248,6784,-84.31,,28.45,,,,alto/estável,ancorada,,BRL depreciou,desaceleração,
BR-1999-FHC2,BR,FHC,2,1999-01-01,2003-01-01,comparavel,45,25,-20,1.65,14.47,12.82,43.35,10.53,0.338097901952338,3.05346185683619,1.2087,3.5333,192.32,6784,11268,66.1,28.45,25.6,-2.85,,,alto/caindo,desancorada,contração,BRL depreciou,expansão,
BR-2003-LULA1,BR,Lula,1,2003-01-01,2007-01-01,comparavel,25,13.25,-11.75,14.47,2.99,-11.48,10.53,10.26,3.05346185683619,3.96198870899485,3.5333,2.138,-39.49,11268,44473,294.68,25.6,30.33,4.73,,,alto/caindo,ancorada,expansão,BRL apreciou,expansão,
BR-2007-LULA2,BR,Lula,2,2007-01-01,2011-01-01,comparavel,13.25,10.75,-2.5,2.99,5.99,3,10.26,4.76,3.96198870899485,7.52822581812151,2.138,1.6662,-22.07,44473,0,-100,30.33,43.74,13.41,,,alto/caindo,pressionada,expansão,BRL apreciou,expansão,
BR-2011-DILMA1,BR,Dilma,1,2011-01-01,2015-01-01,comparavel,10.75,11.75,1,5.99,7.14,1.15,4.76,4.61,7.52822581812151,0.503955740273241,1.6662,2.6562,59.42,0,50007,Infinity,43.74,52.1,8.36,,6.9,alto/subindo,pressionada,expansão,BRL depreciou,desaceleração,
BR-2015-DILMA2,BR,Dilma,2,2015-01-01,2016-08-31,comparavel,11.75,14.25,2.5,7.14,8.97,1.83,4.61,5.28,0.503955740273241,-3.2759169063211,2.6562,3.2403,21.99,50007,57901,15.79,52.1,50.72,-1.38,6.9,11.9,alto/subindo,desancorada,contração,BRL depreciou,entrando em contração,
BR-2016-TEMER,BR,Temer,1,2016-08-31,2019-01-01,comparavel,14.25,6.5,-7.75,8.97,3.78,-5.19,5.28,2.72,-3.2759169063211,1.78366676137003,3.2403,3.8748,19.58,57901,87887,51.79,50.72,46.05,-4.67,11.9,12.2,neutro/caindo,ancorada,contração,BRL depreciou,recuperação,
BR-2019-BOLSONARO,BR,Bolsonaro,1,2019-01-01,2023-01-01,comparavel,6.5,13.75,7.25,3.78,5.77,1.99,2.72,7.98,1.78366676137003,3.01669435408112,3.8748,5.2177,34.66,87887,,,46.05,52.77,6.72,12.2,8.4,alto/subindo,pressionada,expansão,BRL depreciou,expansão,
BR-2023-LULA3,BR,Lula,3,2023-01-01,2026-06-22,comparavel,13.75,14.25,0.5,5.77,4.72,-1.05,7.98,9.53,3.24165532813583,,5.3436,5.1442,-3.73,,,,52.77,55.64,2.87,8.4,5.8,alto/estável,pressionada,expansão,estável,,mandato em curso (fim = hoje) | bolsa sem dado (histórico curto/candidato)
US-1974-FORD,US,Ford,1,1974-08-09,1977-01-20,comparavel,12.01,4.61,-7.4,10.88889,5.19713,-5.69,1.12,-0.59,-0.540550192633191,5.38803391770217,,,,,,,98.4,94.8,-3.6,5.5,7.5,baixo/caindo,pressionada,contração,,recuperação,bolsa sem dado (histórico curto/candidato)
US-1977-CARTER,US,Carter,1,1977-01-20,1981-01-20,comparavel,4.61,19.08,14.47,5.19713,11.79487,6.6,-0.59,7.29,5.38803391770217,-0.256775731395592,,,,,,,94.8,100,5.2,7.5,7.5,alto/subindo,desancorada,expansão,,entrando em contração,bolsa sem dado (histórico curto/candidato)
US-1981-REAGAN1,US,Reagan,1,1981-01-20,1985-01-20,comparavel,19.08,8.35,-10.73,11.79487,3.52595,-8.27,7.29,4.82,-0.256775731395592,7.23645316474058,,,,,,,100,107.6,7.6,7.5,7.3,alto/caindo,pressionada,expansão,,recuperação,bolsa sem dado (histórico curto/candidato)
US-1985-REAGAN2,US,Reagan,2,1985-01-20,1989-01-20,comparavel,8.35,9.12,0.77,3.52595,4.48276,0.96,4.82,4.64,7.23645316474058,4.1769823865164,,,,,,,107.6,124.5,16.9,7.3,5.4,alto/subindo,pressionada,expansão,,desaceleração,bolsa sem dado (histórico curto/candidato)
US-1989-BUSHSR,US,Bush (pai),1,1989-01-20,1993-01-20,comparavel,9.12,3.02,-6.1,4.48276,3.2538,-1.23,4.64,-0.23,4.1769823865164,3.52249717301392,,,,,,,124.5,118.2,-6.3,5.4,7.3,baixo/caindo,ancorada,contração,,desaceleração,bolsa sem dado (histórico curto/candidato)
US-1993-CLINTON1,US,Clinton,1,1993-01-20,1997-01-20,comparavel,3.02,5.25,2.23,3.2538,3.03814,-0.22,-0.23,2.21,3.52249717301392,3.77277269119453,,,,,,,118.2,122.1,3.9,7.3,5.3,neutro/subindo,ancorada,expansão,,expansão,bolsa sem dado (histórico curto/candidato)
US-1997-CLINTON2,US,Clinton,2,1997-01-20,2001-01-20,comparavel,5.25,5.98,0.73,3.03814,3.7212,0.68,2.21,2.26,3.77277269119453,4.07758575682804,,,,,,,122.1,136.3,14.2,5.3,4.2,neutro/subindo,pressionada,expansão,,expansão,bolsa sem dado (histórico curto/candidato)
US-2001-BUSHJR1,US,Bush (filho),1,2001-01-20,2005-01-20,comparavel,5.98,2.28,-3.7,3.7212,2.84487,-0.88,2.26,-0.56,4.07758575682804,3.84777169556921,,,,,,,136.3,153.3,17,4.2,5.3,baixo/caindo,ancorada,expansão,,desaceleração,bolsa sem dado (histórico curto/candidato)
US-2005-BUSHJR2,US,Bush (filho),2,2005-01-20,2009-01-20,comparavel,2.28,0.15,-2.13,2.84487,-0.11359,-2.96,-0.56,0.26,3.84777169556921,0.113587249881704,,100.711,,,,,153.3,170.3,17,5.3,7.8,baixo/caindo,deflação,expansão,,desaceleração,bolsa sem dado (histórico curto/candidato)
US-2009-OBAMA1,US,Obama,1,2009-01-20,2013-01-20,comparavel,0.15,0.14,-0.01,-0.11359,1.68406,1.8,0.26,-1.54,0.113587249881704,2.28911338669843,100.711,90.8697,-9.77,,,,170.3,151.2,-19.1,7.8,8,baixo/estável,ancorada,contração,dólar enfraqueceu,expansão,bolsa sem dado (histórico curto/candidato)
US-2013-OBAMA2,US,Obama,2,2013-01-20,2017-01-20,comparavel,0.14,0.65,0.51,1.68406,2.51039,0.83,-1.54,-1.86,2.28911338669843,1.81945147788167,90.8697,118.3182,30.21,,2271.31,,151.2,152.5,1.3,8,4.7,baixo/subindo,ancorada,expansão,dólar fortaleceu,desaceleração,
US-2017-TRUMP1,US,Trump,1,2017-01-20,2021-01-20,comparavel,0.65,0.09,-0.56,2.51039,1.37384,-1.14,-1.86,-1.28,1.81945147788167,-2.16302914036166,118.3182,111.4527,-5.8,2271.31,3851.85,69.59,152.5,164.4,11.9,4.7,6.4,baixo/caindo,ancorada,expansão,dólar enfraqueceu,entrando em contração,
US-2021-BIDEN,US,Biden,1,2021-01-20,2025-01-20,comparavel,0.09,4.33,4.24,1.37384,2.99098,1.62,-1.28,1.34,-2.16302914036166,2.79300127716779,111.4527,129.4859,16.18,3851.85,5996.66,55.68,164.4,141.6,-22.8,6.4,4,neutro/subindo,ancorada,contração,dólar fortaleceu,recuperação,
US-2025-TRUMP2,US,Trump,2,2025-01-20,2026-06-22,comparavel,4.33,3.63,-0.7,2.99098,4.16661,1.18,1.34,-0.54,2.79300127716779,,129.4859,119.5073,-7.71,5996.66,7500.58,25.08,141.6,,,4,4.3,baixo/caindo,pressionada,,dólar enfraqueceu,,mandato em curso (fim = hoje)
